-- phpMyAdmin SQL Dump
-- version 5.0.4
-- https://www.phpmyadmin.net/
--
-- Hôte : 127.0.0.1:3306
-- Généré le : lun. 07 déc. 2020 à 10:59
-- Version du serveur :  8.0.22
-- Version de PHP : 7.4.9

SET SQL_MODE = "NO_AUTO_VALUE_ON_ZERO";
START TRANSACTION;
SET time_zone = "+00:00";


/*!40101 SET @OLD_CHARACTER_SET_CLIENT=@@CHARACTER_SET_CLIENT */;
/*!40101 SET @OLD_CHARACTER_SET_RESULTS=@@CHARACTER_SET_RESULTS */;
/*!40101 SET @OLD_COLLATION_CONNECTION=@@COLLATION_CONNECTION */;
/*!40101 SET NAMES utf8mb4 */;

--
-- Base de données : `gsb_frais`
--
CREATE DATABASE gsb_frais ;
GRANT SHOW DATABASES ON *.* TO userGsb@localhost IDENTIFIED BY 'secret';
GRANT ALL PRIVILEGES ON `gsb_frais`.* TO userGsb@localhost;
SET SQL_MODE="NO_AUTO_VALUE_ON_ZERO";
USE gsb_frais ;
-- --------------------------------------------------------

--
-- Structure de la table `comptable`
--

DROP TABLE IF EXISTS `comptable`;
CREATE TABLE IF NOT EXISTS `comptable` (
  `id` char(4) NOT NULL,
  `nom` char(30) DEFAULT NULL,
  `prenom` char(30) DEFAULT NULL,
  `login` char(20) DEFAULT NULL,
  `mdp` char(20) DEFAULT NULL,
  `adresse` char(30) DEFAULT NULL,
  `cp` char(5) DEFAULT NULL,
  `ville` char(30) DEFAULT NULL,
  `dateembauche` date DEFAULT NULL,
  PRIMARY KEY (`id`)
) ENGINE=InnoDB DEFAULT CHARSET=latin1;

--
-- Déchargement des données de la table `comptable`
--

INSERT INTO `comptable` (`id`, `nom`, `prenom`, `login`, `mdp`, `adresse`, `cp`, `ville`, `dateembauche`) VALUES
('b64', 'Justa', 'Victor', 'vjusta', 'lofhf', '104 avenue dussap', '83000', 'Toulon', '2020-10-03');

-- --------------------------------------------------------

--
-- Structure de la table `etat`
--

DROP TABLE IF EXISTS `etat`;
CREATE TABLE IF NOT EXISTS `etat` (
  `id` char(2) NOT NULL,
  `libelle` varchar(30) DEFAULT NULL,
  PRIMARY KEY (`id`)
) ENGINE=InnoDB DEFAULT CHARSET=latin1;

--
-- Déchargement des données de la table `etat`
--

INSERT INTO `etat` (`id`, `libelle`) VALUES
('CL', 'Saisie clôturée'),
('CR', 'Fiche créée, saisie en cours'),
('MP', 'Mise en paiement'),
('RB', 'Remboursée'),
('VA', 'Validée ');

-- --------------------------------------------------------

--
-- Structure de la table `fichefrais`
--

DROP TABLE IF EXISTS `fichefrais`;
CREATE TABLE IF NOT EXISTS `fichefrais` (
  `idvisiteur` char(4) NOT NULL,
  `mois` char(6) NOT NULL,
  `nbjustificatifs` int DEFAULT NULL,
  `montantvalide` decimal(10,2) DEFAULT NULL,
  `datemodif` date DEFAULT NULL,
  `idetat` char(2) DEFAULT 'CR',
  PRIMARY KEY (`idvisiteur`,`mois`),
  KEY `idetat` (`idetat`)
) ENGINE=InnoDB DEFAULT CHARSET=latin1;

--
-- Déchargement des données de la table `fichefrais`
--

INSERT INTO `fichefrais` (`idvisiteur`, `mois`, `nbjustificatifs`, `montantvalide`, `datemodif`, `idetat`) VALUES
('a131', '202009', 9, '3417.97', '2020-11-04', 'RB'),
('a131', '202010', 0, '3765.50', '2020-11-07', 'VA'),
('a131', '202011', 4, '4218.00', '2020-12-01', 'VA'),
('a17', '202009', 9, '5214.71', '2020-11-07', 'RB'),
('a17', '202010', 6, '3988.00', '2020-12-01', 'VA'),
('a17', '202011', 4, '6547.92', '2020-12-01', 'VA'),
('a17', '202012', 1, '1604.00', '2020-12-07', 'MP'),
('a55', '202009', 4, '3577.77', '2020-11-04', 'RB'),
('a55', '202010', 11, '5717.68', '2020-11-08', 'VA'),
('a55', '202011', 3, '0.00', '2020-11-04', 'CR'),
('a93', '202009', 11, '1999.42', '2020-11-01', 'RB'),
('a93', '202010', 4, '3803.83', '2020-11-02', 'VA'),
('a93', '202011', 2, '4023.17', '2020-12-01', 'VA'),
('a93', '202012', 0, '1671.00', '2020-12-07', 'MP'),
('b13', '202009', 1, '6278.71', '2020-11-06', 'RB'),
('b13', '202010', 3, '1256.00', '2020-12-01', 'VA'),
('b13', '202011', 5, '4727.00', '2020-12-01', 'VA'),
('b16', '202009', 2, '3259.19', '2020-11-06', 'RB'),
('b16', '202010', 7, '6068.63', '2020-11-03', 'VA'),
('b16', '202011', 8, '5815.00', '2020-12-01', 'VA'),
('b19', '202009', 10, '5491.46', '2020-11-08', 'RB'),
('b19', '202010', 6, '4059.85', '2020-11-05', 'VA'),
('b19', '202011', 10, '5198.00', '2020-12-01', 'VA'),
('b25', '202009', 12, '2669.73', '2020-11-07', 'RB'),
('b25', '202010', 2, '3022.42', '2020-11-03', 'VA'),
('b25', '202011', 7, '6739.00', '2020-12-01', 'VA'),
('b28', '202009', 5, '4347.51', '2020-11-02', 'RB'),
('b28', '202010', 6, '4782.81', '2020-11-03', 'VA'),
('b28', '202011', 7, '2239.00', '2020-12-01', 'VA'),
('b34', '202009', 0, '3327.26', '2020-11-01', 'RB'),
('b34', '202010', 10, '4308.64', '2020-11-06', 'VA'),
('b34', '202011', 8, '0.00', '2020-11-01', 'CR'),
('b34', '202012', 0, '0.00', '2020-12-07', 'CR'),
('b4', '202009', 3, '4462.08', '2020-11-01', 'RB'),
('b4', '202010', 1, '4688.43', '2020-11-03', 'VA'),
('b4', '202011', 4, '0.00', '2020-11-05', 'CR'),
('b50', '202009', 7, '3965.47', '2020-11-08', 'RB'),
('b50', '202010', 7, '2354.70', '2020-11-08', 'VA'),
('b50', '202011', 4, '4566.00', '2020-12-01', 'VA'),
('b59', '202009', 6, '3272.72', '2020-11-08', 'RB'),
('b59', '202010', 8, '2972.56', '2020-11-08', 'VA'),
('b59', '202011', 1, '3032.67', '2020-12-01', 'VA'),
('c14', '202009', 4, '4073.05', '2020-11-01', 'RB'),
('c14', '202010', 12, '4344.72', '2020-11-07', 'VA'),
('c14', '202011', 2, '0.00', '2020-11-01', 'CR'),
('c3', '202009', 5, '2261.13', '2020-11-02', 'RB'),
('c3', '202010', 11, '5642.46', '2020-11-06', 'VA'),
('c3', '202011', 9, '0.00', '2020-11-04', 'CR'),
('c54', '202009', 12, '5489.08', '2020-11-07', 'RB'),
('c54', '202010', 5, '3247.97', '2020-11-08', 'VA'),
('c54', '202011', 6, '5605.00', '2020-12-01', 'VA'),
('d13', '202009', 10, '3633.76', '2020-11-06', 'RB'),
('d13', '202010', 3, '3546.73', '2020-11-03', 'VA'),
('d13', '202011', 0, '0.00', '2020-11-04', 'CR'),
('d51', '202009', 2, '4319.08', '2020-11-01', 'RB'),
('d51', '202010', 5, '5017.38', '2020-11-06', 'VA'),
('d51', '202011', 4, '3068.00', '2020-12-01', 'VA'),
('e22', '202009', 10, '4426.82', '2020-11-05', 'RB'),
('e22', '202010', 3, '4185.38', '2020-11-08', 'VA'),
('e22', '202011', 6, '3544.00', '2020-12-01', 'VA'),
('e24', '202009', 1, '3829.38', '2020-11-08', 'RB'),
('e24', '202010', 9, '5559.19', '2020-11-06', 'VA'),
('e24', '202011', 11, '0.00', '2020-11-01', 'CR'),
('e39', '202009', 7, '2496.21', '2020-11-08', 'RB'),
('e39', '202010', 6, '3285.11', '2020-11-04', 'VA'),
('e39', '202011', 8, '0.00', '2020-11-04', 'CR'),
('e49', '202009', 12, '3822.93', '2020-11-06', 'RB'),
('e49', '202010', 11, '4657.23', '2020-11-07', 'VA'),
('e49', '202011', 5, '2553.00', '2020-12-01', 'VA'),
('e5', '202009', 3, '3561.84', '2020-11-05', 'RB'),
('e5', '202010', 8, '5119.11', '2020-11-07', 'VA'),
('e5', '202011', 7, '0.00', '2020-11-02', 'CR'),
('e52', '202009', 5, '5062.90', '2020-11-06', 'RB'),
('e52', '202010', 7, '3232.00', '2020-11-06', 'VA'),
('e52', '202011', 6, '0.00', '2020-11-06', 'CR'),
('f21', '202009', 6, '4160.56', '2020-11-03', 'RB'),
('f21', '202010', 11, '3650.65', '2020-11-08', 'VA'),
('f21', '202011', 10, '0.00', '2020-11-02', 'CR'),
('f39', '202009', 7, '4589.34', '2020-11-07', 'RB'),
('f39', '202010', 4, '3541.29', '2020-11-08', 'VA'),
('f39', '202011', 11, '0.00', '2020-11-06', 'CR'),
('f4', '202009', 4, '3594.82', '2020-11-05', 'RB'),
('f4', '202010', 6, '5650.10', '2020-11-06', 'VA'),
('f4', '202011', 3, '0.00', '2020-11-08', 'CR');

-- --------------------------------------------------------

--
-- Structure de la table `fraisforfait`
--

DROP TABLE IF EXISTS `fraisforfait`;
CREATE TABLE IF NOT EXISTS `fraisforfait` (
  `id` char(3) NOT NULL,
  `libelle` char(20) DEFAULT NULL,
  `montant` decimal(5,2) DEFAULT NULL,
  PRIMARY KEY (`id`)
) ENGINE=InnoDB DEFAULT CHARSET=latin1;

--
-- Déchargement des données de la table `fraisforfait`
--

INSERT INTO `fraisforfait` (`id`, `libelle`, `montant`) VALUES
('ETP', 'Forfait Etape', '110.00'),
('KM', 'Frais Kilométrique', '0.62'),
('NUI', 'Nuitée Hôtel', '80.00'),
('REP', 'Repas Restaurant', '25.00');

-- --------------------------------------------------------

--
-- Structure de la table `fraiskm`
--

DROP TABLE IF EXISTS `fraiskm`;
CREATE TABLE IF NOT EXISTS `fraiskm` (
  `id` char(4) NOT NULL,
  `type` char(15) DEFAULT NULL,
  `prix` decimal(3,2) DEFAULT NULL,
  PRIMARY KEY (`id`)
) ENGINE=InnoDB DEFAULT CHARSET=latin1;

--
-- Déchargement des données de la table `fraiskm`
--

INSERT INTO `fraiskm` (`id`, `type`, `prix`) VALUES
('4D', 'véhicule 4CV', '0.52'),
('4E', 'véhicule 4CV', '0.62'),
('5/6D', 'véhicule 5/6CV', '0.58'),
('5/6E', 'véhicule 5/6CV', '0.67');

-- --------------------------------------------------------

--
-- Structure de la table `lignefraisforfait`
--

DROP TABLE IF EXISTS `lignefraisforfait`;
CREATE TABLE IF NOT EXISTS `lignefraisforfait` (
  `idvisiteur` char(4) NOT NULL,
  `mois` char(6) NOT NULL,
  `idfraisforfait` char(3) NOT NULL,
  `quantite` int DEFAULT NULL,
  PRIMARY KEY (`idvisiteur`,`mois`,`idfraisforfait`),
  KEY `idfraisforfait` (`idfraisforfait`)
) ENGINE=InnoDB DEFAULT CHARSET=latin1;

--
-- Déchargement des données de la table `lignefraisforfait`
--

INSERT INTO `lignefraisforfait` (`idvisiteur`, `mois`, `idfraisforfait`, `quantite`) VALUES
('a131', '202009', 'ETP', 5),
('a131', '202009', 'KM', 502),
('a131', '202009', 'NUI', 10),
('a131', '202009', 'REP', 14),
('a131', '202010', 'ETP', 8),
('a131', '202010', 'KM', 466),
('a131', '202010', 'NUI', 5),
('a131', '202010', 'REP', 9),
('a131', '202011', 'ETP', 8),
('a131', '202011', 'KM', 612),
('a131', '202011', 'NUI', 18),
('a131', '202011', 'REP', 20),
('a17', '202009', 'ETP', 10),
('a17', '202009', 'KM', 676),
('a17', '202009', 'NUI', 18),
('a17', '202009', 'REP', 20),
('a17', '202010', 'ETP', 12),
('a17', '202010', 'KM', 2),
('a17', '202010', 'NUI', 3),
('a17', '202010', 'REP', 4),
('a17', '202011', 'ETP', 15),
('a17', '202011', 'KM', 613),
('a17', '202011', 'NUI', 3),
('a17', '202011', 'REP', 8),
('a17', '202012', 'ETP', 5),
('a17', '202012', 'KM', 346),
('a17', '202012', 'NUI', 7),
('a17', '202012', 'REP', 12),
('a55', '202009', 'ETP', 7),
('a55', '202009', 'KM', 847),
('a55', '202009', 'NUI', 5),
('a55', '202009', 'REP', 19),
('a55', '202010', 'ETP', 16),
('a55', '202010', 'KM', 898),
('a55', '202010', 'NUI', 15),
('a55', '202010', 'REP', 13),
('a55', '202011', 'ETP', 2),
('a55', '202011', 'KM', 931),
('a55', '202011', 'NUI', 19),
('a55', '202011', 'REP', 3),
('a93', '202009', 'ETP', 6),
('a93', '202009', 'KM', 423),
('a93', '202009', 'NUI', 7),
('a93', '202009', 'REP', 4),
('a93', '202010', 'ETP', 4),
('a93', '202010', 'KM', 330),
('a93', '202010', 'NUI', 14),
('a93', '202010', 'REP', 5),
('a93', '202011', 'ETP', 5),
('a93', '202011', 'KM', 794),
('a93', '202011', 'NUI', 12),
('a93', '202011', 'REP', 4),
('a93', '202012', 'ETP', 4),
('a93', '202012', 'KM', 751),
('a93', '202012', 'NUI', 9),
('a93', '202012', 'REP', 2),
('b13', '202009', 'ETP', 15),
('b13', '202009', 'KM', 357),
('b13', '202009', 'NUI', 19),
('b13', '202009', 'REP', 13),
('b13', '202010', 'ETP', 6),
('b13', '202010', 'KM', 7),
('b13', '202010', 'NUI', 3),
('b13', '202010', 'REP', 9),
('b13', '202011', 'ETP', 20),
('b13', '202011', 'KM', 547),
('b13', '202011', 'NUI', 12),
('b13', '202011', 'REP', 20),
('b16', '202009', 'ETP', 9),
('b16', '202009', 'KM', 986),
('b16', '202009', 'NUI', 7),
('b16', '202009', 'REP', 17),
('b16', '202010', 'ETP', 19),
('b16', '202010', 'KM', 854),
('b16', '202010', 'NUI', 20),
('b16', '202010', 'REP', 5),
('b16', '202011', 'ETP', 3),
('b16', '202011', 'KM', 516),
('b16', '202011', 'NUI', 18),
('b16', '202011', 'REP', 2),
('b19', '202009', 'ETP', 20),
('b19', '202009', 'KM', 745),
('b19', '202009', 'NUI', 19),
('b19', '202009', 'REP', 18),
('b19', '202010', 'ETP', 12),
('b19', '202010', 'KM', 318),
('b19', '202010', 'NUI', 11),
('b19', '202010', 'REP', 4),
('b19', '202011', 'ETP', 10),
('b19', '202011', 'KM', 362),
('b19', '202011', 'NUI', 19),
('b19', '202011', 'REP', 15),
('b25', '202009', 'ETP', 9),
('b25', '202009', 'KM', 608),
('b25', '202009', 'NUI', 5),
('b25', '202009', 'REP', 11),
('b25', '202010', 'ETP', 4),
('b25', '202010', 'KM', 724),
('b25', '202010', 'NUI', 16),
('b25', '202010', 'REP', 17),
('b25', '202011', 'ETP', 18),
('b25', '202011', 'KM', 614),
('b25', '202011', 'NUI', 10),
('b25', '202011', 'REP', 11),
('b28', '202009', 'ETP', 9),
('b28', '202009', 'KM', 908),
('b28', '202009', 'NUI', 17),
('b28', '202009', 'REP', 20),
('b28', '202010', 'ETP', 13),
('b28', '202010', 'KM', 885),
('b28', '202010', 'NUI', 5),
('b28', '202010', 'REP', 4),
('b28', '202011', 'ETP', 4),
('b28', '202011', 'KM', 821),
('b28', '202011', 'NUI', 4),
('b28', '202011', 'REP', 7),
('b34', '202009', 'ETP', 3),
('b34', '202009', 'KM', 868),
('b34', '202009', 'NUI', 3),
('b34', '202009', 'REP', 11),
('b34', '202010', 'ETP', 2),
('b34', '202010', 'KM', 712),
('b34', '202010', 'NUI', 15),
('b34', '202010', 'REP', 11),
('b34', '202011', 'ETP', 2),
('b34', '202011', 'KM', 430),
('b34', '202011', 'NUI', 17),
('b34', '202011', 'REP', 6),
('b34', '202012', 'ETP', 0),
('b34', '202012', 'KM', 0),
('b34', '202012', 'NUI', 0),
('b34', '202012', 'REP', 0),
('b4', '202009', 'ETP', 17),
('b4', '202009', 'KM', 367),
('b4', '202009', 'NUI', 4),
('b4', '202009', 'REP', 14),
('b4', '202010', 'ETP', 4),
('b4', '202010', 'KM', 545),
('b4', '202010', 'NUI', 19),
('b4', '202010', 'REP', 5),
('b4', '202011', 'ETP', 16),
('b4', '202011', 'KM', 977),
('b4', '202011', 'NUI', 19),
('b4', '202011', 'REP', 14),
('b50', '202009', 'ETP', 9),
('b50', '202009', 'KM', 564),
('b50', '202009', 'NUI', 18),
('b50', '202009', 'REP', 3),
('b50', '202010', 'ETP', 10),
('b50', '202010', 'KM', 640),
('b50', '202010', 'NUI', 5),
('b50', '202010', 'REP', 13),
('b50', '202011', 'ETP', 14),
('b50', '202011', 'KM', 507),
('b50', '202011', 'NUI', 7),
('b50', '202011', 'REP', 18),
('b59', '202009', 'ETP', 13),
('b59', '202009', 'KM', 851),
('b59', '202009', 'NUI', 4),
('b59', '202009', 'REP', 6),
('b59', '202010', 'ETP', 9),
('b59', '202010', 'KM', 592),
('b59', '202010', 'NUI', 13),
('b59', '202010', 'REP', 7),
('b59', '202011', 'ETP', 5),
('b59', '202011', 'KM', 682),
('b59', '202011', 'NUI', 10),
('b59', '202011', 'REP', 18),
('c14', '202009', 'ETP', 10),
('c14', '202009', 'KM', 391),
('c14', '202009', 'NUI', 20),
('c14', '202009', 'REP', 5),
('c14', '202010', 'ETP', 13),
('c14', '202010', 'KM', 546),
('c14', '202010', 'NUI', 2),
('c14', '202010', 'REP', 15),
('c14', '202011', 'ETP', 14),
('c14', '202011', 'KM', 305),
('c14', '202011', 'NUI', 4),
('c14', '202011', 'REP', 12),
('c3', '202009', 'ETP', 2),
('c3', '202009', 'KM', 986),
('c3', '202009', 'NUI', 7),
('c3', '202009', 'REP', 12),
('c3', '202010', 'ETP', 19),
('c3', '202010', 'KM', 701),
('c3', '202010', 'NUI', 15),
('c3', '202010', 'REP', 2),
('c3', '202011', 'ETP', 7),
('c3', '202011', 'KM', 458),
('c3', '202011', 'NUI', 10),
('c3', '202011', 'REP', 4),
('c54', '202009', 'ETP', 19),
('c54', '202009', 'KM', 752),
('c54', '202009', 'NUI', 4),
('c54', '202009', 'REP', 13),
('c54', '202010', 'ETP', 4),
('c54', '202010', 'KM', 960),
('c54', '202010', 'NUI', 13),
('c54', '202010', 'REP', 16),
('c54', '202011', 'ETP', 19),
('c54', '202011', 'KM', 726),
('c54', '202011', 'NUI', 14),
('c54', '202011', 'REP', 13),
('d13', '202009', 'ETP', 11),
('d13', '202009', 'KM', 883),
('d13', '202009', 'NUI', 4),
('d13', '202009', 'REP', 4),
('d13', '202010', 'ETP', 18),
('d13', '202010', 'KM', 375),
('d13', '202010', 'NUI', 3),
('d13', '202010', 'REP', 6),
('d13', '202011', 'ETP', 10),
('d13', '202011', 'KM', 777),
('d13', '202011', 'NUI', 16),
('d13', '202011', 'REP', 12),
('d51', '202009', 'ETP', 16),
('d51', '202009', 'KM', 892),
('d51', '202009', 'NUI', 15),
('d51', '202009', 'REP', 16),
('d51', '202010', 'ETP', 17),
('d51', '202010', 'KM', 390),
('d51', '202010', 'NUI', 17),
('d51', '202010', 'REP', 6),
('d51', '202011', 'ETP', 20),
('d51', '202011', 'KM', 384),
('d51', '202011', 'NUI', 2),
('d51', '202011', 'REP', 8),
('e22', '202009', 'ETP', 16),
('e22', '202009', 'KM', 321),
('e22', '202009', 'NUI', 17),
('e22', '202009', 'REP', 14),
('e22', '202010', 'ETP', 8),
('e22', '202010', 'KM', 743),
('e22', '202010', 'NUI', 17),
('e22', '202010', 'REP', 10),
('e22', '202011', 'ETP', 8),
('e22', '202011', 'KM', 753),
('e22', '202011', 'NUI', 11),
('e22', '202011', 'REP', 7),
('e24', '202009', 'ETP', 2),
('e24', '202009', 'KM', 787),
('e24', '202009', 'NUI', 4),
('e24', '202009', 'REP', 14),
('e24', '202010', 'ETP', 19),
('e24', '202010', 'KM', 424),
('e24', '202010', 'NUI', 20),
('e24', '202010', 'REP', 2),
('e24', '202011', 'ETP', 15),
('e24', '202011', 'KM', 873),
('e24', '202011', 'NUI', 4),
('e24', '202011', 'REP', 16),
('e39', '202009', 'ETP', 12),
('e39', '202009', 'KM', 304),
('e39', '202009', 'NUI', 2),
('e39', '202009', 'REP', 2),
('e39', '202010', 'ETP', 8),
('e39', '202010', 'KM', 358),
('e39', '202010', 'NUI', 7),
('e39', '202010', 'REP', 12),
('e39', '202011', 'ETP', 10),
('e39', '202011', 'KM', 934),
('e39', '202011', 'NUI', 16),
('e39', '202011', 'REP', 11),
('e49', '202009', 'ETP', 12),
('e49', '202009', 'KM', 685),
('e49', '202009', 'NUI', 19),
('e49', '202009', 'REP', 12),
('e49', '202010', 'ETP', 13),
('e49', '202010', 'KM', 582),
('e49', '202010', 'NUI', 9),
('e49', '202010', 'REP', 9),
('e49', '202011', 'ETP', 9),
('e49', '202011', 'KM', 306),
('e49', '202011', 'NUI', 9),
('e49', '202011', 'REP', 2),
('e5', '202009', 'ETP', 8),
('e5', '202009', 'KM', 365),
('e5', '202009', 'NUI', 13),
('e5', '202009', 'REP', 15),
('e5', '202010', 'ETP', 16),
('e5', '202010', 'KM', 611),
('e5', '202010', 'NUI', 18),
('e5', '202010', 'REP', 12),
('e5', '202011', 'ETP', 15),
('e5', '202011', 'KM', 693),
('e5', '202011', 'NUI', 2),
('e5', '202011', 'REP', 2),
('e52', '202009', 'ETP', 14),
('e52', '202009', 'KM', 524),
('e52', '202009', 'NUI', 15),
('e52', '202009', 'REP', 11),
('e52', '202010', 'ETP', 10),
('e52', '202010', 'KM', 700),
('e52', '202010', 'NUI', 12),
('e52', '202010', 'REP', 17),
('e52', '202011', 'ETP', 8),
('e52', '202011', 'KM', 807),
('e52', '202011', 'NUI', 2),
('e52', '202011', 'REP', 20),
('f21', '202009', 'ETP', 17),
('f21', '202009', 'KM', 306),
('f21', '202009', 'NUI', 8),
('f21', '202009', 'REP', 20),
('f21', '202010', 'ETP', 7),
('f21', '202010', 'KM', 305),
('f21', '202010', 'NUI', 8),
('f21', '202010', 'REP', 6),
('f21', '202011', 'ETP', 5),
('f21', '202011', 'KM', 437),
('f21', '202011', 'NUI', 5),
('f21', '202011', 'REP', 3),
('f39', '202009', 'ETP', 20),
('f39', '202009', 'KM', 948),
('f39', '202009', 'NUI', 10),
('f39', '202009', 'REP', 18),
('f39', '202010', 'ETP', 12),
('f39', '202010', 'KM', 738),
('f39', '202010', 'NUI', 4),
('f39', '202010', 'REP', 3),
('f39', '202011', 'ETP', 5),
('f39', '202011', 'KM', 918),
('f39', '202011', 'NUI', 4),
('f39', '202011', 'REP', 11),
('f4', '202009', 'ETP', 10),
('f4', '202009', 'KM', 876),
('f4', '202009', 'NUI', 14),
('f4', '202009', 'REP', 9),
('f4', '202010', 'ETP', 16),
('f4', '202010', 'KM', 827),
('f4', '202010', 'NUI', 18),
('f4', '202010', 'REP', 14),
('f4', '202011', 'ETP', 13),
('f4', '202011', 'KM', 365),
('f4', '202011', 'NUI', 11),
('f4', '202011', 'REP', 8);

-- --------------------------------------------------------

--
-- Structure de la table `lignefraishorsforfait`
--

DROP TABLE IF EXISTS `lignefraishorsforfait`;
CREATE TABLE IF NOT EXISTS `lignefraishorsforfait` (
  `id` int NOT NULL AUTO_INCREMENT,
  `idvisiteur` char(4) NOT NULL,
  `mois` char(6) NOT NULL,
  `libelle` varchar(100) DEFAULT NULL,
  `date` date DEFAULT NULL,
  `montant` decimal(10,2) DEFAULT NULL,
  PRIMARY KEY (`id`),
  KEY `idvisiteur` (`idvisiteur`,`mois`)
) ENGINE=InnoDB AUTO_INCREMENT=530 DEFAULT CHARSET=latin1;

--
-- Déchargement des données de la table `lignefraishorsforfait`
--

INSERT INTO `lignefraishorsforfait` (`id`, `idvisiteur`, `mois`, `libelle`, `date`, `montant`) VALUES
(1, 'a131', '202009', 'Achat de matériel de papèterie', '2020-09-08', '38.00'),
(2, 'a131', '202009', 'Frais vestimentaire/représentation', '2020-09-20', '294.00'),
(3, 'a131', '202009', 'Voyage SNCF', '2020-09-16', '86.00'),
(4, 'a131', '202009', 'Location salle conférence', '2020-09-12', '285.00'),
(5, 'a131', '202009', 'Location salle conférence', '2020-09-04', '466.00'),
(6, 'a131', '202009', 'Taxi', '2020-09-23', '22.00'),
(7, 'a131', '202010', 'Location véhicule', '2020-10-20', '167.00'),
(8, 'a131', '202010', 'Rémunération intervenant/spécialiste', '2020-10-15', '778.00'),
(9, 'a131', '202010', 'Taxi', '2020-10-22', '75.00'),
(10, 'a131', '202011', 'Traiteur, alimentation, boisson', '2020-11-21', '231.00'),
(11, 'a131', '202011', 'Traiteur, alimentation, boisson', '2020-11-25', '431.00'),
(12, 'a17', '202009', 'Rémunération intervenant/spécialiste', '2020-09-05', '1095.00'),
(13, 'a17', '202010', 'Achat de matériel de papèterie', '2020-10-01', '10.00'),
(14, 'a17', '202010', 'Rémunération intervenant/spécialiste', '2020-10-03', '328.00'),
(15, 'a17', '202010', 'Taxi', '2020-10-10', '20.00'),
(16, 'a17', '202010', 'Rémunération intervenant/spécialiste', '2020-10-03', '1119.00'),
(17, 'a17', '202010', 'Achat de matériel de papèterie', '2020-10-11', '21.00'),
(18, 'a17', '202010', 'Location équipement vidéo/sonore', '2020-10-04', '829.00'),
(19, 'a17', '202011', 'Achat de matériel de papèterie', '2020-11-18', '28.00'),
(20, 'a17', '202011', 'Voyage SNCF', '2020-11-20', '82.00'),
(21, 'a17', '202011', 'Rémunération intervenant/spécialiste', '2020-11-06', '1010.00'),
(22, 'a17', '202011', 'Location équipement vidéo/sonore', '2020-11-12', '612.00'),
(23, 'a55', '202009', 'Rémunération intervenant/spécialiste', '2020-09-16', '465.00'),
(24, 'a55', '202009', 'Taxi', '2020-09-26', '21.00'),
(25, 'a55', '202009', 'Achat de matériel de papèterie', '2020-09-01', '13.00'),
(26, 'a55', '202009', 'Frais vestimentaire/représentation', '2020-09-23', '299.00'),
(27, 'a55', '202009', 'Frais vestimentaire/représentation', '2020-09-19', '359.00'),
(28, 'a55', '202009', 'Repas avec praticien', '2020-09-21', '32.00'),
(29, 'a55', '202010', 'Voyage SNCF', '2020-10-17', '137.00'),
(30, 'a55', '202010', 'Achat de matériel de papèterie', '2020-10-13', '21.00'),
(31, 'a55', '202010', 'Location salle conférence', '2020-10-26', '496.00'),
(32, 'a55', '202010', 'Frais vestimentaire/représentation', '2020-10-12', '420.00'),
(33, 'a55', '202010', 'Voyage SNCF', '2020-10-27', '68.00'),
(34, 'a55', '202011', 'Location salle conférence', '2020-11-03', '225.00'),
(35, 'a55', '202011', 'Location véhicule', '2020-11-25', '174.00'),
(36, 'a55', '202011', 'Rémunération intervenant/spécialiste', '2020-11-10', '660.00'),
(37, 'a55', '202011', 'Rémunération intervenant/spécialiste', '2020-11-06', '1104.00'),
(38, 'a55', '202011', 'Achat de matériel de papèterie', '2020-11-20', '22.00'),
(39, 'a93', '202009', 'Achat de matériel de papèterie', '2020-09-19', '11.00'),
(40, 'a93', '202010', 'Traiteur, alimentation, boisson', '2020-10-09', '261.00'),
(41, 'a93', '202010', 'Rémunération intervenant/spécialiste', '2020-10-11', '756.00'),
(42, 'a93', '202010', 'Location véhicule', '2020-10-03', '82.00'),
(43, 'a93', '202011', 'Location équipement vidéo/sonore', '2020-11-16', '374.00'),
(44, 'a93', '202011', 'Achat de matériel de papèterie', '2020-11-15', '25.00'),
(45, 'b13', '202009', 'Traiteur, alimentation, boisson', '2020-09-23', '202.00'),
(46, 'b13', '202009', 'Rémunération intervenant/spécialiste', '2020-09-19', '797.00'),
(47, 'b13', '202009', 'Frais vestimentaire/représentation', '2020-09-15', '273.00'),
(48, 'b13', '202009', 'Achat de matériel de papèterie', '2020-09-03', '39.00'),
(49, 'b13', '202010', 'Achat de matériel de papèterie', '2020-10-20', '45.00'),
(50, 'b13', '202011', 'Frais vestimentaire/représentation', '2020-11-16', '425.00'),
(51, 'b13', '202011', 'Location véhicule', '2020-11-06', '89.00'),
(52, 'b13', '202011', 'Location salle conférence', '2020-11-08', '154.00'),
(53, 'b16', '202009', 'Repas avec praticien', '2020-09-13', '47.00'),
(54, 'b16', '202010', 'Location salle conférence', '2020-10-15', '620.00'),
(55, 'b16', '202010', 'Rémunération intervenant/spécialiste', '2020-10-24', '661.00'),
(56, 'b16', '202010', 'Location véhicule', '2020-10-28', '124.00'),
(57, 'b16', '202010', 'Repas avec praticien', '2020-10-22', '42.00'),
(58, 'b16', '202011', 'Voyage SNCF', '2020-11-04', '64.00'),
(59, 'b16', '202011', 'Frais vestimentaire/représentation', '2020-11-16', '110.00'),
(60, 'b16', '202011', 'Rémunération intervenant/spécialiste', '2020-11-14', '860.00'),
(61, 'b19', '202009', 'Frais vestimentaire/représentation', '2020-09-25', '118.00'),
(62, 'b19', '202009', 'Rémunération intervenant/spécialiste', '2020-09-25', '899.00'),
(63, 'b19', '202010', 'Traiteur, alimentation, boisson', '2020-10-24', '385.00'),
(64, 'b19', '202010', 'Traiteur, alimentation, boisson', '2020-10-10', '238.00'),
(65, 'b19', '202010', 'Achat de matériel de papèterie', '2020-10-21', '37.00'),
(66, 'b19', '202010', 'Repas avec praticien', '2020-10-10', '48.00'),
(67, 'b19', '202010', 'Frais vestimentaire/représentation', '2020-10-28', '264.00'),
(68, 'b19', '202011', 'Voyage SNCF', '2020-11-20', '93.00'),
(69, 'b19', '202011', 'Location salle conférence', '2020-11-13', '251.00'),
(70, 'b19', '202011', 'Achat de matériel de papèterie', '2020-11-18', '48.00'),
(71, 'b19', '202011', 'Taxi', '2020-11-07', '36.00'),
(72, 'b19', '202011', 'Location équipement vidéo/sonore', '2020-11-22', '495.00'),
(73, 'b19', '202011', 'Repas avec praticien', '2020-11-27', '39.00'),
(74, 'b25', '202009', 'Location véhicule', '2020-09-03', '32.00'),
(75, 'b25', '202009', 'Location véhicule', '2020-09-01', '95.00'),
(76, 'b25', '202009', 'Rémunération intervenant/spécialiste', '2020-09-24', '486.00'),
(77, 'b25', '202009', 'Traiteur, alimentation, boisson', '2020-09-11', '369.00'),
(78, 'b25', '202009', 'Taxi', '2020-09-27', '36.00'),
(79, 'b25', '202009', 'Repas avec praticien', '2020-09-09', '30.00'),
(80, 'b25', '202010', 'Repas avec praticien', '2020-10-28', '43.00'),
(81, 'b25', '202010', 'Location équipement vidéo/sonore', '2020-10-24', '254.00'),
(82, 'b25', '202010', 'Location véhicule', '2020-10-11', '278.00'),
(83, 'b25', '202011', 'Rémunération intervenant/spécialiste', '2020-11-24', '817.00'),
(84, 'b28', '202009', 'Location véhicule', '2020-09-19', '381.00'),
(85, 'b28', '202009', 'Location véhicule', '2020-09-08', '109.00'),
(86, 'b28', '202009', 'Repas avec praticien', '2020-09-23', '30.00'),
(87, 'b28', '202009', 'Voyage SNCF', '2020-09-17', '145.00'),
(88, 'b28', '202009', 'Repas avec praticien', '2020-09-07', '36.00'),
(89, 'b28', '202010', 'Voyage SNCF', '2020-10-05', '85.00'),
(90, 'b28', '202010', 'Location salle conférence', '2020-10-20', '174.00'),
(91, 'b28', '202010', 'Location salle conférence', '2020-10-21', '461.00'),
(92, 'b28', '202010', 'Location équipement vidéo/sonore', '2020-10-22', '742.00'),
(93, 'b28', '202011', 'Voyage SNCF', '2020-11-10', '104.00'),
(94, 'b28', '202011', 'Location véhicule', '2020-11-12', '211.00'),
(95, 'b28', '202011', 'Taxi', '2020-11-06', '23.00'),
(96, 'b28', '202011', 'Voyage SNCF', '2020-11-21', '92.00'),
(97, 'b28', '202011', 'Voyage SNCF', '2020-11-08', '59.00'),
(98, 'b28', '202011', 'Voyage SNCF', '2020-11-02', '56.00'),
(99, 'b34', '202009', 'Location véhicule', '2020-09-20', '369.00'),
(100, 'b34', '202009', 'Achat de matériel de papèterie', '2020-09-21', '14.00'),
(101, 'b34', '202009', 'Taxi', '2020-09-15', '48.00'),
(102, 'b34', '202009', 'Achat de matériel de papèterie', '2020-09-08', '17.00'),
(103, 'b34', '202010', 'Location équipement vidéo/sonore', '2020-10-17', '815.00'),
(104, 'b34', '202010', 'Location salle conférence', '2020-10-19', '542.00'),
(105, 'b34', '202010', 'Voyage SNCF', '2020-10-15', '94.00'),
(106, 'b34', '202010', 'Taxi', '2020-10-18', '76.00'),
(107, 'b34', '202011', 'Rémunération intervenant/spécialiste', '2020-11-19', '1051.00'),
(108, 'b34', '202012', 'Repas avec praticien', '2020-11-06', '32.00'),
(109, 'b4', '202009', 'Location équipement vidéo/sonore', '2020-09-05', '387.00'),
(110, 'b4', '202009', 'Repas avec praticien', '2020-09-12', '37.00'),
(111, 'b4', '202009', 'Location salle conférence', '2020-09-25', '252.00'),
(112, 'b4', '202009', 'Location équipement vidéo/sonore', '2020-09-22', '506.00'),
(113, 'b4', '202010', 'Location équipement vidéo/sonore', '2020-10-16', '739.00'),
(114, 'b4', '202010', 'Rémunération intervenant/spécialiste', '2020-10-01', '1039.00'),
(115, 'b4', '202011', 'Traiteur, alimentation, boisson', '2020-11-12', '251.00'),
(116, 'b4', '202011', 'Location salle conférence', '2020-11-11', '351.00'),
(117, 'b4', '202011', 'Achat de matériel de papèterie', '2020-11-16', '24.00'),
(118, 'b50', '202009', 'Location équipement vidéo/sonore', '2020-09-07', '243.00'),
(119, 'b50', '202009', 'Location équipement vidéo/sonore', '2020-09-04', '818.00'),
(120, 'b50', '202009', 'Traiteur, alimentation, boisson', '2020-09-09', '420.00'),
(121, 'b50', '202009', 'Taxi', '2020-09-06', '26.00'),
(122, 'b50', '202010', 'Location véhicule', '2020-10-05', '404.00'),
(123, 'b50', '202011', 'Rémunération intervenant/spécialiste', '2020-11-06', '985.00'),
(124, 'b50', '202011', 'Traiteur, alimentation, boisson', '2020-11-02', '64.00'),
(125, 'b59', '202009', 'Rémunération intervenant/spécialiste', '2020-09-25', '652.00'),
(126, 'b59', '202009', 'Traiteur, alimentation, boisson', '2020-09-12', '360.00'),
(127, 'b59', '202009', 'Taxi', '2020-09-13', '26.00'),
(128, 'b59', '202010', 'Taxi', '2020-10-02', '35.00'),
(129, 'b59', '202010', 'Location véhicule', '2020-10-13', '420.00'),
(130, 'b59', '202010', 'Location salle conférence', '2020-10-19', '128.00'),
(131, 'b59', '202011', 'Rémunération intervenant/spécialiste', '2020-11-14', '560.00'),
(132, 'c14', '202009', 'Location salle conférence', '2020-09-06', '511.00'),
(133, 'c14', '202009', 'Achat de matériel de papèterie', '2020-09-02', '40.00'),
(134, 'c14', '202010', 'Voyage SNCF', '2020-10-20', '67.00'),
(135, 'c14', '202010', 'Traiteur, alimentation, boisson', '2020-10-01', '185.00'),
(136, 'c14', '202010', 'Location équipement vidéo/sonore', '2020-10-18', '412.00'),
(137, 'c14', '202011', 'Voyage SNCF', '2020-11-24', '95.00'),
(138, 'c14', '202011', 'Taxi', '2020-11-03', '56.00'),
(139, 'c3', '202009', 'Achat de matériel de papèterie', '2020-09-14', '11.00'),
(140, 'c3', '202010', 'Achat de matériel de papèterie', '2020-10-20', '10.00'),
(141, 'c3', '202010', 'Achat de matériel de papèterie', '2020-10-17', '39.00'),
(142, 'c3', '202010', 'Achat de matériel de papèterie', '2020-10-05', '35.00'),
(143, 'c3', '202010', 'Voyage SNCF', '2020-10-15', '132.00'),
(144, 'c3', '202010', 'Location salle conférence', '2020-10-01', '617.00'),
(145, 'c3', '202010', 'Location équipement vidéo/sonore', '2020-10-27', '752.00'),
(146, 'c3', '202011', 'Location salle conférence', '2020-11-14', '616.00'),
(147, 'c3', '202011', 'Voyage SNCF', '2020-11-21', '123.00'),
(148, 'c3', '202011', 'Voyage SNCF', '2020-11-21', '121.00'),
(149, 'c3', '202011', 'Rémunération intervenant/spécialiste', '2020-11-15', '962.00'),
(150, 'c3', '202011', 'Voyage SNCF', '2020-11-09', '43.00'),
(151, 'c54', '202009', 'Taxi', '2020-09-16', '50.00'),
(152, 'c54', '202009', 'Location salle conférence', '2020-09-20', '505.00'),
(153, 'c54', '202009', 'Location équipement vidéo/sonore', '2020-09-10', '426.00'),
(154, 'c54', '202009', 'Achat de matériel de papèterie', '2020-09-08', '11.00'),
(155, 'c54', '202009', 'Frais vestimentaire/représentation', '2020-09-24', '373.00'),
(156, 'c54', '202009', 'Location salle conférence', '2020-09-22', '369.00'),
(157, 'c54', '202010', 'Repas avec praticien', '2020-10-25', '41.00'),
(158, 'c54', '202010', 'Rémunération intervenant/spécialiste', '2020-10-25', '1016.00'),
(159, 'c54', '202010', 'Repas avec praticien', '2020-10-10', '37.00'),
(160, 'c54', '202011', 'Location salle conférence', '2020-11-16', '576.00'),
(161, 'c54', '202011', 'Voyage SNCF', '2020-11-26', '69.00'),
(162, 'c54', '202011', 'Taxi', '2020-11-11', '20.00'),
(163, 'c54', '202011', 'Taxi', '2020-11-22', '61.00'),
(164, 'c54', '202011', 'Location équipement vidéo/sonore', '2020-11-11', '819.00'),
(165, 'd13', '202009', 'Location équipement vidéo/sonore', '2020-09-08', '156.00'),
(166, 'd13', '202010', 'Repas avec praticien', '2020-10-13', '39.00'),
(167, 'd13', '202011', 'Rémunération intervenant/spécialiste', '2020-11-12', '451.00'),
(168, 'd13', '202011', 'Achat de matériel de papèterie', '2020-11-19', '32.00'),
(169, 'd13', '202011', 'Location véhicule', '2020-11-21', '255.00'),
(170, 'd13', '202011', 'Frais vestimentaire/représentation', '2020-11-07', '412.00'),
(171, 'd13', '202011', 'Location véhicule', '2020-11-08', '139.00'),
(172, 'd51', '202009', 'Taxi', '2020-09-11', '65.00'),
(173, 'd51', '202009', 'Repas avec praticien', '2020-09-13', '34.00'),
(174, 'd51', '202009', 'Location véhicule', '2020-09-08', '149.00'),
(175, 'd51', '202009', 'Rémunération intervenant/spécialiste', '2020-09-11', '502.00'),
(176, 'd51', '202010', 'Rémunération intervenant/spécialiste', '2020-10-03', '639.00'),
(177, 'd51', '202010', 'Frais vestimentaire/représentation', '2020-10-04', '45.00'),
(178, 'd51', '202010', 'Location équipement vidéo/sonore', '2020-10-09', '158.00'),
(179, 'd51', '202011', 'Voyage SNCF', '2020-11-10', '137.00'),
(180, 'd51', '202011', 'Taxi', '2020-11-21', '33.00'),
(181, 'e22', '202009', 'Achat de matériel de papèterie', '2020-09-07', '32.00'),
(182, 'e22', '202009', 'Taxi', '2020-09-25', '33.00'),
(183, 'e22', '202009', 'Taxi', '2020-09-20', '69.00'),
(184, 'e22', '202009', 'Location équipement vidéo/sonore', '2020-09-28', '571.00'),
(185, 'e22', '202009', 'Frais vestimentaire/représentation', '2020-09-01', '375.00'),
(186, 'e22', '202010', 'Repas avec praticien', '2020-10-25', '39.00'),
(187, 'e22', '202010', 'Taxi', '2020-10-22', '75.00'),
(188, 'e22', '202010', 'Rémunération intervenant/spécialiste', '2020-10-18', '363.00'),
(189, 'e22', '202010', 'Frais vestimentaire/représentation', '2020-10-22', '447.00'),
(190, 'e22', '202010', 'Location véhicule', '2020-10-01', '285.00'),
(191, 'e22', '202011', 'Location salle conférence', '2020-11-19', '520.00'),
(192, 'e22', '202011', 'Repas avec praticien', '2020-11-18', '42.00'),
(193, 'e24', '202009', 'Rémunération intervenant/spécialiste', '2020-09-19', '1128.00'),
(194, 'e24', '202009', 'Frais vestimentaire/représentation', '2020-09-08', '325.00'),
(195, 'e24', '202009', 'Achat de matériel de papèterie', '2020-09-25', '29.00'),
(196, 'e24', '202009', 'Repas avec praticien', '2020-09-15', '46.00'),
(197, 'e24', '202010', 'Achat de matériel de papèterie', '2020-10-24', '39.00'),
(198, 'e24', '202010', 'Rémunération intervenant/spécialiste', '2020-10-24', '987.00'),
(199, 'e24', '202010', 'Location équipement vidéo/sonore', '2020-10-22', '379.00'),
(200, 'e24', '202010', 'Traiteur, alimentation, boisson', '2020-10-19', '326.00'),
(201, 'e24', '202011', 'Rémunération intervenant/spécialiste', '2020-11-21', '337.00'),
(202, 'e24', '202011', 'Repas avec praticien', '2020-11-16', '49.00'),
(203, 'e24', '202011', 'Location équipement vidéo/sonore', '2020-11-20', '392.00'),
(204, 'e24', '202011', 'Achat de matériel de papèterie', '2020-11-13', '38.00'),
(205, 'e24', '202011', 'Location véhicule', '2020-11-19', '360.00'),
(206, 'e39', '202009', 'Voyage SNCF', '2020-09-28', '101.00'),
(207, 'e39', '202009', 'Achat de matériel de papèterie', '2020-09-26', '17.00'),
(208, 'e39', '202009', 'Location salle conférence', '2020-09-19', '480.00'),
(209, 'e39', '202009', 'Voyage SNCF', '2020-09-10', '86.00'),
(210, 'e39', '202010', 'Voyage SNCF', '2020-10-21', '123.00'),
(211, 'e39', '202010', 'Voyage SNCF', '2020-10-22', '111.00'),
(212, 'e39', '202010', 'Repas avec praticien', '2020-10-17', '46.00'),
(213, 'e39', '202010', 'Taxi', '2020-10-12', '65.00'),
(214, 'e39', '202011', 'Location véhicule', '2020-11-23', '323.00'),
(215, 'e39', '202011', 'Location salle conférence', '2020-11-26', '610.00'),
(216, 'e49', '202009', 'Repas avec praticien', '2020-09-02', '46.00'),
(217, 'e49', '202009', 'Voyage SNCF', '2020-09-06', '55.00'),
(218, 'e49', '202009', 'Voyage SNCF', '2020-09-05', '74.00'),
(219, 'e49', '202009', 'Location véhicule', '2020-09-12', '268.00'),
(220, 'e49', '202009', 'Repas avec praticien', '2020-09-06', '41.00'),
(221, 'e49', '202010', 'Achat de matériel de papèterie', '2020-10-08', '23.00'),
(222, 'e49', '202010', 'Voyage SNCF', '2020-10-17', '63.00'),
(223, 'e49', '202010', 'Rémunération intervenant/spécialiste', '2020-10-18', '580.00'),
(224, 'e49', '202010', 'Location salle conférence', '2020-10-01', '504.00'),
(225, 'e49', '202011', 'Voyage SNCF', '2020-11-14', '31.00'),
(226, 'e5', '202009', 'Achat de matériel de papèterie', '2020-09-10', '18.00'),
(227, 'e5', '202009', 'Repas avec praticien', '2020-09-24', '39.00'),
(228, 'e5', '202010', 'Location équipement vidéo/sonore', '2020-10-11', '605.00'),
(229, 'e5', '202010', 'Voyage SNCF', '2020-10-20', '135.00'),
(230, 'e5', '202010', 'Repas avec praticien', '2020-10-17', '44.00'),
(231, 'e5', '202010', 'Repas avec praticien', '2020-10-22', '44.00'),
(232, 'e5', '202010', 'Traiteur, alimentation, boisson', '2020-10-07', '394.00'),
(233, 'e5', '202011', 'Voyage SNCF', '2020-11-13', '117.00'),
(234, 'e5', '202011', 'Rémunération intervenant/spécialiste', '2020-11-22', '334.00'),
(235, 'e52', '202009', 'Rémunération intervenant/spécialiste', '2020-09-13', '709.00'),
(236, 'e52', '202009', 'Location véhicule', '2020-09-03', '422.00'),
(237, 'e52', '202009', 'Location équipement vidéo/sonore', '2020-09-19', '395.00'),
(238, 'e52', '202009', 'Traiteur, alimentation, boisson', '2020-09-16', '313.00'),
(239, 'e52', '202009', 'Traiteur, alimentation, boisson', '2020-09-17', '192.00'),
(240, 'e52', '202009', 'Traiteur, alimentation, boisson', '2020-09-20', '418.00'),
(241, 'e52', '202010', 'Location salle conférence', '2020-10-28', '179.00'),
(242, 'e52', '202010', 'Repas avec praticien', '2020-10-28', '34.00'),
(243, 'e52', '202010', 'Frais vestimentaire/représentation', '2020-10-14', '28.00'),
(244, 'e52', '202011', 'Traiteur, alimentation, boisson', '2020-11-20', '148.00'),
(245, 'e52', '202011', 'Voyage SNCF', '2020-11-24', '128.00'),
(246, 'e52', '202011', 'Rémunération intervenant/spécialiste', '2020-11-15', '542.00'),
(247, 'f21', '202009', 'Rémunération intervenant/spécialiste', '2020-09-24', '1039.00'),
(248, 'f21', '202009', 'Voyage SNCF', '2020-09-06', '50.00'),
(249, 'f21', '202010', 'Rémunération intervenant/spécialiste', '2020-10-02', '590.00'),
(250, 'f21', '202010', 'Location véhicule', '2020-10-01', '231.00'),
(251, 'f21', '202010', 'Rémunération intervenant/spécialiste', '2020-10-06', '905.00'),
(252, 'f21', '202010', 'Taxi', '2020-10-04', '24.00'),
(253, 'f21', '202010', 'Achat de matériel de papèterie', '2020-10-15', '35.00'),
(254, 'f21', '202010', 'Traiteur, alimentation, boisson', '2020-10-02', '356.00'),
(255, 'f21', '202011', 'Achat de matériel de papèterie', '2020-11-21', '28.00'),
(256, 'f39', '202009', 'Traiteur, alimentation, boisson', '2020-09-21', '402.00'),
(257, 'f39', '202009', 'Traiteur, alimentation, boisson', '2020-09-18', '178.00'),
(258, 'f39', '202009', 'Frais vestimentaire/représentation', '2020-09-14', '85.00'),
(259, 'f39', '202009', 'Taxi', '2020-09-01', '56.00'),
(260, 'f39', '202009', 'Traiteur, alimentation, boisson', '2020-09-06', '231.00'),
(261, 'f39', '202009', 'Repas avec praticien', '2020-09-04', '42.00'),
(262, 'f39', '202010', 'Frais vestimentaire/représentation', '2020-10-19', '220.00'),
(263, 'f39', '202010', 'Rémunération intervenant/spécialiste', '2020-10-26', '336.00'),
(264, 'f39', '202010', 'Frais vestimentaire/représentation', '2020-10-26', '390.00'),
(265, 'f39', '202010', 'Voyage SNCF', '2020-10-11', '120.00'),
(266, 'f39', '202010', 'Traiteur, alimentation, boisson', '2020-10-14', '375.00'),
(267, 'f39', '202011', 'Location véhicule', '2020-11-25', '309.00'),
(268, 'f39', '202011', 'Repas avec praticien', '2020-11-28', '44.00'),
(269, 'f39', '202011', 'Rémunération intervenant/spécialiste', '2020-11-08', '481.00'),
(270, 'f39', '202011', 'Location véhicule', '2020-11-18', '65.00'),
(271, 'f39', '202011', 'Location équipement vidéo/sonore', '2020-11-28', '242.00'),
(272, 'f4', '202009', 'Location véhicule', '2020-09-10', '72.00'),
(273, 'f4', '202009', 'Traiteur, alimentation, boisson', '2020-09-23', '273.00'),
(274, 'f4', '202009', 'Location véhicule', '2020-09-20', '307.00'),
(275, 'f4', '202010', 'Location salle conférence', '2020-10-18', '590.00'),
(276, 'f4', '202010', 'Taxi', '2020-10-16', '65.00'),
(277, 'f4', '202010', 'Location équipement vidéo/sonore', '2020-10-12', '770.00'),
(278, 'f4', '202011', 'Taxi', '2020-11-19', '30.00'),
(279, 'f4', '202011', 'Location équipement vidéo/sonore', '2020-11-01', '683.00'),
(280, 'f4', '202011', 'Repas avec praticien', '2020-11-20', '33.00'),
(281, 'a131', '202009', 'Achat de matériel de papèterie', '2020-09-12', '39.00'),
(282, 'a131', '202009', 'Taxi', '2020-09-07', '43.00'),
(283, 'a131', '202009', 'Frais vestimentaire/représentation', '2020-09-24', '333.00'),
(284, 'a131', '202009', 'Taxi', '2020-09-27', '58.00'),
(285, 'a131', '202010', 'Taxi', '2020-10-11', '56.00'),
(286, 'a131', '202010', 'Location véhicule', '2020-10-24', '333.00'),
(287, 'a131', '202010', 'Rémunération intervenant/spécialiste', '2020-10-21', '292.00'),
(288, 'a131', '202010', 'Location équipement vidéo/sonore', '2020-10-07', '436.00'),
(289, 'a131', '202010', 'Location véhicule', '2020-10-28', '118.00'),
(290, 'a131', '202011', 'Taxi', '2020-11-18', '73.00'),
(291, 'a131', '202011', 'Traiteur, alimentation, boisson', '2020-11-16', '284.00'),
(292, 'a17', '202009', 'Traiteur, alimentation, boisson', '2020-09-19', '62.00'),
(293, 'a17', '202009', 'Voyage SNCF', '2020-09-25', '50.00'),
(294, 'a17', '202009', 'Location véhicule', '2020-09-02', '301.00'),
(295, 'a17', '202009', 'Location équipement vidéo/sonore', '2020-09-06', '583.00'),
(296, 'a17', '202009', 'Traiteur, alimentation, boisson', '2020-09-22', '244.00'),
(297, 'a17', '202011', 'Voyage SNCF', '2020-11-06', '35.00'),
(298, 'a17', '202011', 'Traiteur, alimentation, boisson', '2020-11-06', '319.00'),
(299, 'a17', '202011', 'Location véhicule', '2020-11-03', '250.00'),
(300, 'a17', '202011', 'Rémunération intervenant/spécialiste', '2020-11-03', '833.00'),
(301, 'a17', '202011', 'Rémunération intervenant/spécialiste', '2020-11-25', '975.00'),
(302, 'a55', '202009', 'Voyage SNCF', '2020-09-08', '65.00'),
(303, 'a55', '202009', 'Taxi', '2020-09-17', '59.00'),
(304, 'a55', '202009', 'Location salle conférence', '2020-09-08', '205.00'),
(305, 'a55', '202009', 'Rémunération intervenant/spécialiste', '2020-09-11', '675.00'),
(306, 'a55', '202010', 'Rémunération intervenant/spécialiste', '2020-10-27', '1008.00'),
(307, 'a55', '202010', 'Rémunération intervenant/spécialiste', '2020-10-11', '815.00'),
(308, 'a55', '202011', 'Location équipement vidéo/sonore', '2020-11-02', '202.00'),
(309, 'a93', '202009', 'Location salle conférence', '2020-09-11', '468.00'),
(310, 'a93', '202010', 'Location salle conférence', '2020-10-05', '350.00'),
(311, 'a93', '202010', 'Location véhicule', '2020-10-22', '318.00'),
(312, 'a93', '202010', 'Frais vestimentaire/représentation', '2020-10-14', '145.00'),
(313, 'a93', '202010', 'Taxi', '2020-10-01', '22.00'),
(314, 'a93', '202010', 'Traiteur, alimentation, boisson', '2020-10-20', '311.00'),
(315, 'a93', '202011', 'Location équipement vidéo/sonore', '2020-11-18', '399.00'),
(316, 'a93', '202011', 'Location équipement vidéo/sonore', '2020-11-07', '720.00'),
(317, 'a93', '202011', 'Rémunération intervenant/spécialiste', '2020-11-18', '296.00'),
(318, 'a93', '202011', 'Frais vestimentaire/représentation', '2020-11-08', '189.00'),
(319, 'b13', '202009', 'Location véhicule', '2020-09-10', '251.00'),
(320, 'b13', '202009', 'Achat de matériel de papèterie', '2020-09-17', '27.00'),
(321, 'b13', '202009', 'Frais vestimentaire/représentation', '2020-09-01', '251.00'),
(322, 'b13', '202009', 'Rémunération intervenant/spécialiste', '2020-09-07', '603.00'),
(323, 'b13', '202009', 'Frais vestimentaire/représentation', '2020-09-08', '281.00'),
(324, 'b13', '202009', 'Location salle conférence', '2020-09-19', '536.00'),
(325, 'b13', '202010', 'Achat de matériel de papèterie', '2020-10-06', '22.00'),
(326, 'b13', '202010', 'Taxi', '2020-10-11', '60.00'),
(327, 'b13', '202011', 'Repas avec praticien', '2020-11-22', '37.00'),
(328, 'b13', '202011', 'Achat de matériel de papèterie', '2020-11-18', '23.00'),
(329, 'b16', '202009', 'Traiteur, alimentation, boisson', '2020-09-22', '162.00'),
(330, 'b16', '202009', 'Location véhicule', '2020-09-15', '104.00'),
(331, 'b16', '202009', 'Voyage SNCF', '2020-09-10', '79.00'),
(332, 'b16', '202009', 'Rémunération intervenant/spécialiste', '2020-09-11', '643.00'),
(333, 'b16', '202010', 'Frais vestimentaire/représentation', '2020-10-01', '401.00'),
(334, 'b16', '202011', 'Achat de matériel de papèterie', '2020-11-09', '15.00'),
(335, 'b16', '202011', 'Rémunération intervenant/spécialiste', '2020-11-21', '1175.00'),
(336, 'b16', '202011', 'Achat de matériel de papèterie', '2020-11-21', '13.00'),
(337, 'b16', '202011', 'Rémunération intervenant/spécialiste', '2020-11-10', '834.00'),
(338, 'b16', '202011', 'Location équipement vidéo/sonore', '2020-11-03', '605.00'),
(339, 'b19', '202009', 'Taxi', '2020-09-18', '75.00'),
(340, 'b19', '202009', 'Rémunération intervenant/spécialiste', '2020-09-14', '973.00'),
(341, 'b19', '202010', 'Repas avec praticien', '2020-10-26', '42.00'),
(342, 'b19', '202010', 'Repas avec praticien', '2020-10-27', '30.00'),
(343, 'b19', '202010', 'Voyage SNCF', '2020-10-21', '137.00'),
(344, 'b19', '202010', 'Location véhicule', '2020-10-14', '264.00'),
(345, 'b19', '202010', 'Rémunération intervenant/spécialiste', '2020-10-02', '362.00'),
(346, 'b19', '202010', 'Rémunération intervenant/spécialiste', '2020-10-13', '529.00'),
(347, 'b19', '202011', 'Voyage SNCF', '2020-11-20', '146.00'),
(348, 'b19', '202011', 'Rémunération intervenant/spécialiste', '2020-11-13', '458.00'),
(349, 'b19', '202011', 'Location véhicule', '2020-11-11', '111.00'),
(350, 'b19', '202011', 'Location véhicule', '2020-11-18', '302.00'),
(351, 'b25', '202009', 'Traiteur, alimentation, boisson', '2020-09-21', '114.00'),
(352, 'b25', '202009', 'Taxi', '2020-09-03', '72.00'),
(353, 'b25', '202009', 'Taxi', '2020-09-22', '20.00'),
(354, 'b25', '202010', 'Traiteur, alimentation, boisson', '2020-10-04', '236.00'),
(355, 'b25', '202010', 'Achat de matériel de papèterie', '2020-10-24', '22.00'),
(356, 'b25', '202010', 'Location véhicule', '2020-10-20', '259.00'),
(357, 'b25', '202011', 'Traiteur, alimentation, boisson', '2020-11-01', '284.00'),
(358, 'b25', '202011', 'Location équipement vidéo/sonore', '2020-11-01', '760.00'),
(359, 'b25', '202011', 'Location équipement vidéo/sonore', '2020-11-24', '603.00'),
(360, 'b25', '202011', 'Taxi', '2020-11-13', '21.00'),
(361, 'b25', '202011', 'Rémunération intervenant/spécialiste', '2020-11-13', '571.00'),
(362, 'b25', '202011', 'Location salle conférence', '2020-11-10', '248.00'),
(363, 'b28', '202009', 'Frais vestimentaire/représentation', '2020-09-05', '425.00'),
(364, 'b28', '202009', 'Taxi', '2020-09-25', '74.00'),
(365, 'b28', '202009', 'Rémunération intervenant/spécialiste', '2020-09-23', '625.00'),
(366, 'b28', '202010', 'Traiteur, alimentation, boisson', '2020-10-22', '388.00'),
(367, 'b28', '202010', 'Rémunération intervenant/spécialiste', '2020-10-03', '877.00'),
(368, 'b28', '202010', 'Location salle conférence', '2020-10-25', '378.00'),
(369, 'b28', '202010', 'Frais vestimentaire/représentation', '2020-10-22', '178.00'),
(370, 'b28', '202010', 'Location véhicule', '2020-10-07', '31.00'),
(371, 'b28', '202010', 'Achat de matériel de papèterie', '2020-10-21', '40.00'),
(372, 'b28', '202011', 'Location équipement vidéo/sonore', '2020-11-25', '250.00'),
(373, 'b34', '202009', 'Repas avec praticien', '2020-09-18', '49.00'),
(374, 'b34', '202009', 'Location véhicule', '2020-09-17', '26.00'),
(375, 'b34', '202009', 'Rémunération intervenant/spécialiste', '2020-09-27', '1051.00'),
(376, 'b34', '202009', 'Frais vestimentaire/représentation', '2020-09-03', '438.00'),
(377, 'b34', '202010', 'Voyage SNCF', '2020-10-24', '31.00'),
(378, 'b34', '202010', 'Repas avec praticien', '2020-10-28', '31.00'),
(379, 'b34', '202010', 'Repas avec praticien', '2020-10-17', '50.00'),
(380, 'b34', '202010', 'Location équipement vidéo/sonore', '2020-10-27', '660.00'),
(381, 'b34', '202010', 'Location équipement vidéo/sonore', '2020-10-27', '819.00'),
(382, 'b34', '202011', 'Location salle conférence', '2020-11-09', '267.00'),
(383, 'b34', '202011', 'Achat de matériel de papèterie', '2020-11-16', '43.00'),
(384, 'b4', '202009', 'Repas avec praticien', '2020-09-05', '40.00'),
(385, 'b4', '202009', 'Achat de matériel de papèterie', '2020-09-16', '24.00'),
(386, 'b4', '202009', 'Rémunération intervenant/spécialiste', '2020-09-16', '889.00'),
(387, 'b4', '202009', 'Voyage SNCF', '2020-09-25', '129.00'),
(388, 'b4', '202009', 'Repas avec praticien', '2020-09-08', '39.00'),
(389, 'b4', '202010', 'Location salle conférence', '2020-10-12', '347.00'),
(390, 'b4', '202010', 'Location salle conférence', '2020-10-09', '393.00'),
(391, 'b4', '202010', 'Location véhicule', '2020-10-09', '246.00'),
(392, 'b4', '202010', 'Voyage SNCF', '2020-10-18', '81.00'),
(393, 'b4', '202011', 'Location équipement vidéo/sonore', '2020-11-28', '416.00'),
(394, 'b50', '202009', 'Frais vestimentaire/représentation', '2020-09-11', '73.00'),
(395, 'b50', '202009', 'Achat de matériel de papèterie', '2020-09-10', '17.00'),
(396, 'b50', '202009', 'Repas avec praticien', '2020-09-06', '38.00'),
(397, 'b50', '202009', 'Location salle conférence', '2020-09-04', '251.00'),
(398, 'b50', '202009', 'Taxi', '2020-09-05', '37.00'),
(399, 'b50', '202010', 'Achat de matériel de papèterie', '2020-10-17', '50.00'),
(400, 'b50', '202011', 'Voyage SNCF', '2020-11-09', '124.00'),
(401, 'b50', '202011', 'Location équipement vidéo/sonore', '2020-11-10', '529.00'),
(402, 'b59', '202009', 'Achat de matériel de papèterie', '2020-09-01', '16.00'),
(403, 'b59', '202010', 'Taxi', '2020-10-25', '76.00'),
(404, 'b59', '202011', 'Location véhicule', '2020-11-26', '179.00'),
(405, 'b59', '202011', 'Location salle conférence', '2020-11-20', '127.00'),
(406, 'b59', '202011', 'Location véhicule', '2020-11-27', '388.00'),
(407, 'b59', '202011', 'Taxi', '2020-11-01', '77.00'),
(408, 'b59', '202011', 'Location équipement vidéo/sonore', '2020-11-17', '237.00'),
(409, 'c14', '202009', 'Frais vestimentaire/représentation', '2020-09-27', '155.00'),
(410, 'c14', '202009', 'Traiteur, alimentation, boisson', '2020-09-10', '64.00'),
(411, 'c14', '202009', 'Achat de matériel de papèterie', '2020-09-01', '23.00'),
(412, 'c14', '202009', 'Traiteur, alimentation, boisson', '2020-09-13', '372.00'),
(413, 'c14', '202009', 'Taxi', '2020-09-06', '55.00'),
(414, 'c14', '202010', 'Location équipement vidéo/sonore', '2020-10-23', '725.00'),
(415, 'c14', '202010', 'Location salle conférence', '2020-10-03', '443.00'),
(416, 'c14', '202010', 'Location véhicule', '2020-10-25', '242.00'),
(417, 'c14', '202010', 'Frais vestimentaire/représentation', '2020-10-19', '345.00'),
(418, 'c14', '202011', 'Repas avec praticien', '2020-11-06', '34.00'),
(419, 'c14', '202011', 'Frais vestimentaire/représentation', '2020-11-18', '323.00'),
(420, 'c3', '202009', 'Rémunération intervenant/spécialiste', '2020-09-05', '641.00'),
(421, 'c3', '202009', 'Voyage SNCF', '2020-09-01', '88.00'),
(422, 'c3', '202010', 'Location salle conférence', '2020-10-11', '222.00'),
(423, 'c3', '202010', 'Location véhicule', '2020-10-14', '94.00'),
(424, 'c3', '202010', 'Taxi', '2020-10-17', '27.00'),
(425, 'c3', '202010', 'Traiteur, alimentation, boisson', '2020-10-25', '300.00'),
(426, 'c3', '202011', 'Repas avec praticien', '2020-11-16', '31.00'),
(427, 'c3', '202011', 'Location véhicule', '2020-11-27', '56.00'),
(428, 'c3', '202011', 'Traiteur, alimentation, boisson', '2020-11-03', '244.00'),
(429, 'c54', '202009', 'Frais vestimentaire/représentation', '2020-09-06', '349.00'),
(430, 'c54', '202009', 'Location véhicule', '2020-09-02', '184.00'),
(431, 'c54', '202009', 'Voyage SNCF', '2020-09-16', '124.00'),
(432, 'c54', '202009', 'Voyage SNCF', '2020-09-16', '103.00'),
(433, 'c54', '202009', 'Traiteur, alimentation, boisson', '2020-09-27', '207.00'),
(434, 'c54', '202011', 'Frais vestimentaire/représentation', '2020-11-10', '75.00'),
(435, 'd13', '202009', 'Location salle conférence', '2020-09-15', '533.00'),
(436, 'd13', '202009', 'Achat de matériel de papèterie', '2020-09-23', '37.00'),
(437, 'd13', '202009', 'Achat de matériel de papèterie', '2020-09-15', '28.00'),
(438, 'd13', '202009', 'Frais vestimentaire/représentation', '2020-09-17', '373.00'),
(439, 'd13', '202009', 'Location véhicule', '2020-09-21', '366.00'),
(440, 'd13', '202010', 'Location salle conférence', '2020-10-09', '456.00'),
(441, 'd13', '202010', 'Repas avec praticien', '2020-10-01', '40.00'),
(442, 'd13', '202010', 'Rémunération intervenant/spécialiste', '2020-10-18', '760.00'),
(443, 'd13', '202011', 'Achat de matériel de papèterie', '2020-11-04', '20.00'),
(444, 'd13', '202011', 'Location salle conférence', '2020-11-24', '428.00'),
(445, 'd13', '202011', 'Repas avec praticien', '2020-11-05', '47.00'),
(446, 'd51', '202009', 'Taxi', '2020-09-13', '69.00'),
(447, 'd51', '202009', 'Achat de matériel de papèterie', '2020-09-17', '45.00'),
(448, 'd51', '202009', 'Voyage SNCF', '2020-09-22', '131.00'),
(449, 'd51', '202010', 'Repas avec praticien', '2020-10-16', '46.00'),
(450, 'd51', '202010', 'Traiteur, alimentation, boisson', '2020-10-21', '338.00'),
(451, 'd51', '202010', 'Repas avec praticien', '2020-10-28', '36.00'),
(452, 'd51', '202010', 'Rémunération intervenant/spécialiste', '2020-10-04', '766.00'),
(453, 'd51', '202010', 'Location salle conférence', '2020-10-15', '231.00'),
(454, 'd51', '202010', 'Achat de matériel de papèterie', '2020-10-22', '22.00'),
(455, 'd51', '202011', 'Achat de matériel de papèterie', '2020-11-05', '10.00'),
(456, 'd51', '202011', 'Voyage SNCF', '2020-11-22', '90.00'),
(457, 'e22', '202009', 'Achat de matériel de papèterie', '2020-09-02', '11.00'),
(458, 'e22', '202010', 'Frais vestimentaire/représentation', '2020-10-12', '246.00'),
(459, 'e22', '202011', 'Location véhicule', '2020-11-22', '183.00'),
(460, 'e22', '202011', 'Location véhicule', '2020-11-26', '285.00'),
(461, 'e22', '202011', 'Taxi', '2020-11-25', '80.00'),
(462, 'e22', '202011', 'Repas avec praticien', '2020-11-27', '33.00'),
(463, 'e24', '202009', 'Location équipement vidéo/sonore', '2020-09-07', '391.00'),
(464, 'e24', '202009', 'Location équipement vidéo/sonore', '2020-09-24', '202.00'),
(465, 'e24', '202009', 'Frais vestimentaire/représentation', '2020-09-10', '188.00'),
(466, 'e24', '202009', 'Location salle conférence', '2020-09-10', '302.00'),
(467, 'e24', '202010', 'Traiteur, alimentation, boisson', '2020-10-09', '396.00'),
(468, 'e24', '202010', 'Repas avec praticien', '2020-10-23', '47.00'),
(469, 'e24', '202011', 'Taxi', '2020-11-28', '68.00'),
(470, 'e24', '202011', 'Voyage SNCF', '2020-11-07', '86.00'),
(471, 'e39', '202009', 'Repas avec praticien', '2020-09-13', '41.00'),
(472, 'e39', '202009', 'Repas avec praticien', '2020-09-01', '46.00'),
(473, 'e39', '202009', 'Location équipement vidéo/sonore', '2020-09-11', '109.00'),
(474, 'e39', '202009', 'Voyage SNCF', '2020-09-08', '54.00'),
(475, 'e39', '202009', 'Rémunération intervenant/spécialiste', '2020-09-17', '355.00'),
(476, 'e39', '202010', 'Frais vestimentaire/représentation', '2020-10-12', '446.00'),
(477, 'e39', '202010', 'Rémunération intervenant/spécialiste', '2020-10-01', '1068.00'),
(478, 'e39', '202010', 'Location salle conférence', '2020-10-28', '137.00'),
(479, 'e39', '202011', 'Location salle conférence', '2020-11-25', '340.00'),
(480, 'e39', '202011', 'Rémunération intervenant/spécialiste', '2020-11-01', '840.00'),
(481, 'e49', '202009', 'Frais vestimentaire/représentation', '2020-09-15', '199.00'),
(482, 'e49', '202010', 'Voyage SNCF', '2020-10-24', '33.00'),
(483, 'e49', '202010', 'Rémunération intervenant/spécialiste', '2020-10-19', '1079.00'),
(484, 'e49', '202010', 'Voyage SNCF', '2020-10-23', '108.00'),
(485, 'e49', '202010', 'Voyage SNCF', '2020-10-06', '107.00'),
(486, 'e49', '202011', 'Rémunération intervenant/spécialiste', '2020-11-05', '377.00'),
(487, 'e49', '202011', 'Location véhicule', '2020-11-17', '126.00'),
(488, 'e49', '202011', 'Taxi', '2020-11-12', '41.00'),
(489, 'e49', '202011', 'Taxi', '2020-11-12', '29.00'),
(490, 'e5', '202009', 'Repas avec praticien', '2020-09-06', '42.00'),
(491, 'e5', '202009', 'Frais vestimentaire/représentation', '2020-09-03', '444.00'),
(492, 'e5', '202009', 'Traiteur, alimentation, boisson', '2020-09-25', '433.00'),
(493, 'e5', '202009', 'Voyage SNCF', '2020-09-19', '147.00'),
(494, 'e5', '202009', 'Location véhicule', '2020-09-14', '105.00'),
(495, 'e5', '202010', 'Traiteur, alimentation, boisson', '2020-10-18', '70.00'),
(496, 'e5', '202011', 'Repas avec praticien', '2020-11-28', '50.00'),
(497, 'e5', '202011', 'Taxi', '2020-11-07', '48.00'),
(498, 'e52', '202009', 'Traiteur, alimentation, boisson', '2020-09-21', '153.00'),
(499, 'e52', '202009', 'Achat de matériel de papèterie', '2020-09-05', '22.00'),
(500, 'e52', '202009', 'Repas avec praticien', '2020-09-11', '35.00'),
(501, 'e52', '202009', 'Voyage SNCF', '2020-09-09', '101.00'),
(502, 'e52', '202010', 'Voyage SNCF', '2020-10-12', '48.00'),
(503, 'e52', '202010', 'Taxi', '2020-10-03', '24.00'),
(504, 'e52', '202011', 'Voyage SNCF', '2020-11-27', '133.00'),
(505, 'e52', '202011', 'Repas avec praticien', '2020-11-06', '36.00'),
(506, 'e52', '202011', 'Rémunération intervenant/spécialiste', '2020-11-07', '463.00'),
(507, 'e52', '202011', 'Frais vestimentaire/représentation', '2020-11-21', '56.00'),
(508, 'e52', '202011', 'Traiteur, alimentation, boisson', '2020-11-25', '233.00'),
(509, 'f21', '202009', 'Repas avec praticien', '2020-09-13', '35.00'),
(510, 'f21', '202009', 'Voyage SNCF', '2020-09-03', '150.00'),
(511, 'f21', '202010', 'Repas avec praticien', '2020-10-02', '46.00'),
(512, 'f21', '202010', 'Taxi', '2020-10-19', '32.00'),
(513, 'f21', '202011', 'Repas avec praticien', '2020-11-25', '39.00'),
(514, 'f21', '202011', 'Rémunération intervenant/spécialiste', '2020-11-23', '385.00'),
(515, 'f21', '202011', 'Traiteur, alimentation, boisson', '2020-11-10', '72.00'),
(516, 'f39', '202009', 'Location équipement vidéo/sonore', '2020-09-02', '462.00'),
(517, 'f39', '202009', 'Taxi', '2020-09-16', '35.00'),
(518, 'f39', '202009', 'Achat de matériel de papèterie', '2020-09-13', '16.00'),
(519, 'f39', '202009', 'Traiteur, alimentation, boisson', '2020-09-20', '52.00'),
(520, 'f39', '202011', 'Frais vestimentaire/représentation', '2020-11-06', '27.00'),
(521, 'f39', '202011', 'Voyage SNCF', '2020-11-17', '123.00'),
(522, 'f39', '202011', 'Location véhicule', '2020-11-10', '337.00'),
(523, 'f4', '202009', 'Traiteur, alimentation, boisson', '2020-09-22', '399.00'),
(524, 'f4', '202010', 'Location équipement vidéo/sonore', '2020-10-08', '475.00'),
(525, 'f4', '202010', 'Location véhicule', '2020-10-10', '48.00'),
(526, 'f4', '202011', 'Traiteur, alimentation, boisson', '2020-11-13', '288.00'),
(527, 'f4', '202011', 'Location salle conférence', '2020-11-21', '367.00'),
(528, 'a17', '202012', 'Kfc', '2020-12-01', '15.00'),
(529, 'a93', '202012', 'Carrefour', '2020-12-01', '26.00');

-- --------------------------------------------------------

--
-- Structure de la table `visiteur`
--

DROP TABLE IF EXISTS `visiteur`;
CREATE TABLE IF NOT EXISTS `visiteur` (
  `id` char(4) NOT NULL,
  `nom` char(30) DEFAULT NULL,
  `prenom` char(30) DEFAULT NULL,
  `login` char(20) DEFAULT NULL,
  `mdp` char(20) DEFAULT NULL,
  `adresse` char(30) DEFAULT NULL,
  `cp` char(5) DEFAULT NULL,
  `ville` char(30) DEFAULT NULL,
  `dateembauche` date DEFAULT NULL,
  `idVehicule` char(4) CHARACTER SET latin1 COLLATE latin1_swedish_ci NOT NULL DEFAULT '4D',
  PRIMARY KEY (`id`),
  KEY `FK_visiteur_fraisKM` (`idVehicule`)
) ENGINE=InnoDB DEFAULT CHARSET=latin1;

--
-- Déchargement des données de la table `visiteur`
--

INSERT INTO `visiteur` (`id`, `nom`, `prenom`, `login`, `mdp`, `adresse`, `cp`, `ville`, `dateembauche`, `idVehicule`) VALUES
('a131', 'Villechalane', 'Louis', 'lvillachane', 'jux7g', '8 rue des Charmes', '46000', 'Cahors', '2005-12-21', '4D'),
('a17', 'Andre', 'David', 'dandre', 'oppg5', '1 rue Petit', '46200', 'Lalbenque', '1998-11-23', '4D'),
('a55', 'Bedos', 'Christian', 'cbedos', 'gmhxd', '1 rue Peranud', '46250', 'Montcuq', '1995-01-12', '4D'),
('a93', 'Tusseau', 'Louis', 'ltusseau', 'ktp3s', '22 rue des Ternes', '46123', 'Gramat', '2000-05-01', '5/6D'),
('b13', 'Bentot', 'Pascal', 'pbentot', 'doyw1', '11 allée des Cerises', '46512', 'Bessines', '1992-07-09', '4D'),
('b16', 'Bioret', 'Luc', 'lbioret', 'hrjfs', '1 Avenue gambetta', '46000', 'Cahors', '1998-05-11', '4E'),
('b19', 'Bunisset', 'Francis', 'fbunisset', '4vbnd', '10 rue des Perles', '93100', 'Montreuil', '1987-10-21', '4D'),
('b25', 'Bunisset', 'Denise', 'dbunisset', 's1y1r', '23 rue Manin', '75019', 'paris', '2010-12-05', '4E'),
('b28', 'Cacheux', 'Bernard', 'bcacheux', 'uf7r3', '114 rue Blanche', '75017', 'Paris', '2009-11-12', '4D'),
('b34', 'Cadic', 'Eric', 'ecadic', '6u8dc', '123 avenue de la République', '75011', 'Paris', '2008-09-23', '4E'),
('b4', 'Charoze', 'Catherine', 'ccharoze', 'u817o', '100 rue Petit', '75019', 'Paris', '2005-11-12', '4D'),
('b50', 'Clepkens', 'Christophe', 'cclepkens', 'bw1us', '12 allée des Anges', '93230', 'Romainville', '2003-08-11', '4E'),
('b59', 'Cottin', 'Vincenne', 'vcottin', '2hoh9', '36 rue Des Roches', '93100', 'Monteuil', '2001-11-18', '4D'),
('c14', 'Daburon', 'François', 'fdaburon', '7oqpv', '13 rue de Chanzy', '94000', 'Créteil', '2002-02-11', '4D'),
('c3', 'De', 'Philippe', 'pde', 'gk9kx', '13 rue Barthes', '94000', 'Créteil', '2010-12-14', '4D'),
('c54', 'Debelle', 'Michel', 'mdebelle', 'od5rt', '181 avenue Barbusse', '93210', 'Rosny', '2006-11-23', '5/6E'),
('d13', 'Debelle', 'Jeanne', 'jdebelle', 'nvwqq', '134 allée des Joncs', '44000', 'Nantes', '2000-05-11', '4D'),
('d51', 'Debroise', 'Michel', 'mdebroise', 'sghkb', '2 Bld Jourdain', '44000', 'Nantes', '2001-04-17', '4D'),
('e22', 'Desmarquest', 'Nathalie', 'ndesmarquest', 'f1fob', '14 Place d Arc', '45000', 'Orléans', '2005-11-12', '5/6D'),
('e24', 'Desnost', 'Pierre', 'pdesnost', '4k2o5', '16 avenue des Cèdres', '23200', 'Guéret', '2001-02-05', '4D'),
('e39', 'Dudouit', 'Frédéric', 'fdudouit', '44im8', '18 rue de l église', '23120', 'GrandBourg', '2000-08-01', '4D'),
('e49', 'Duncombe', 'Claude', 'cduncombe', 'qf77j', '19 rue de la tour', '23100', 'La souteraine', '1987-10-10', '5/6E'),
('e5', 'Enault-Pascreau', 'Céline', 'cenault', 'y2qdu', '25 place de la gare', '23200', 'Gueret', '1995-09-01', '4D'),
('e52', 'Eynde', 'Valérie', 'veynde', 'i7sn3', '3 Grand Place', '13015', 'Marseille', '1999-11-01', '4D'),
('f21', 'Finck', 'Jacques', 'jfinck', 'mpb3t', '10 avenue du Prado', '13002', 'Marseille', '2001-11-10', '4E'),
('f39', 'Frémont', 'Fernande', 'ffremont', 'xs5tq', '4 route de la mer', '13012', 'Allauh', '1998-10-01', '4D'),
('f4', 'Gest', 'Alain', 'agest', 'dywvt', '30 avenue de la mer', '13025', 'Berre', '1985-11-01', '4D');

--
-- Contraintes pour les tables déchargées
--

--
-- Contraintes pour la table `fichefrais`
--
ALTER TABLE `fichefrais`
  ADD CONSTRAINT `fichefrais_ibfk_1` FOREIGN KEY (`idetat`) REFERENCES `etat` (`id`),
  ADD CONSTRAINT `fichefrais_ibfk_2` FOREIGN KEY (`idvisiteur`) REFERENCES `visiteur` (`id`);

--
-- Contraintes pour la table `lignefraisforfait`
--
ALTER TABLE `lignefraisforfait`
  ADD CONSTRAINT `lignefraisforfait_ibfk_1` FOREIGN KEY (`idvisiteur`,`mois`) REFERENCES `fichefrais` (`idvisiteur`, `mois`),
  ADD CONSTRAINT `lignefraisforfait_ibfk_2` FOREIGN KEY (`idfraisforfait`) REFERENCES `fraisforfait` (`id`);

--
-- Contraintes pour la table `lignefraishorsforfait`
--
ALTER TABLE `lignefraishorsforfait`
  ADD CONSTRAINT `lignefraishorsforfait_ibfk_1` FOREIGN KEY (`idvisiteur`,`mois`) REFERENCES `fichefrais` (`idvisiteur`, `mois`);

--
-- Contraintes pour la table `visiteur`
--
ALTER TABLE `visiteur`
  ADD CONSTRAINT `FK_visiteur_fraisKM` FOREIGN KEY (`idVehicule`) REFERENCES `fraiskm` (`id`);
COMMIT;

/*!40101 SET CHARACTER_SET_CLIENT=@OLD_CHARACTER_SET_CLIENT */;
/*!40101 SET CHARACTER_SET_RESULTS=@OLD_CHARACTER_SET_RESULTS */;
/*!40101 SET COLLATION_CONNECTION=@OLD_COLLATION_CONNECTION */;
